name,image
Beet ,https://encrypted-tbn2.gstatic.com/images?q=tbn:ANd9GcT8Mwr2TEnhOJIbEzRvEf_Td0QUzEUpp98o1LBrma8LcnVIHIRP
Brussels sprout,https://d2d8wwwkmhfcva.cloudfront.net/350x350/d2lnr5mha7bycj.cloudfront.net/product-image/file/large_5cbbc8bd-9e81-4277-8bcf-e2cb4957af06.jpg
Cabbage,https://d2d8wwwkmhfcva.cloudfront.net/350x350/d2lnr5mha7bycj.cloudfront.net/product-image/file/large_d5337926-0c8d-4b9f-af1f-b2e92f16d55d.jpg
Celery,https://d2d8wwwkmhfcva.cloudfront.net/350x350/d2lnr5mha7bycj.cloudfront.net/product-image/file/large_8a94a65d-0aa9-4d25-81da-7313fce0dc66.jpg
Corn ,https://d2d8wwwkmhfcva.cloudfront.net/350x350/d2lnr5mha7bycj.cloudfront.net/product-image/file/large_dc017052-bf42-42be-a17f-2d076cc874b5.jpeg
Kale,https://d2d8wwwkmhfcva.cloudfront.net/350x350/d2lnr5mha7bycj.cloudfront.net/product-image/file/large_0a2b3f97-2283-4ff6-be41-f3e88ca7d029.jpg
Lettuce,https://d2d8wwwkmhfcva.cloudfront.net/350x350/d2lnr5mha7bycj.cloudfront.net/product-image/file/large_1bf99f58-aa25-43cc-9895-abe6e68ba779.jpg
Spinach,https://d2d8wwwkmhfcva.cloudfront.net/350x350/d2lnr5mha7bycj.cloudfront.net/product-image/file/large_fc3f83db-2cfa-4d8b-9d11-72c87013e3f8.jpg
Mustard ,https://d2d8wwwkmhfcva.cloudfront.net/350x350/d2lnr5mha7bycj.cloudfront.net/product-image/file/large_ab940289-6a2b-49e9-a4e7-2953fd6db576.jpg
Onion,https://d2d8wwwkmhfcva.cloudfront.net/350x350/d2lnr5mha7bycj.cloudfront.net/product-image/file/large_bd6e7f09-f4fe-44f9-96c9-fab317f09644.jpg
Garlic,https://d2d8wwwkmhfcva.cloudfront.net/350x350/d2lnr5mha7bycj.cloudfront.net/product-image/file/large_51e895c9-b80c-4fec-8f00-a821200d1430.jpg
Tomato,https://d2d8wwwkmhfcva.cloudfront.net/350x350/d2lnr5mha7bycj.cloudfront.net/product-image/file/large_68648be0-a04f-47ef-85cf-b66dc31f7e07.jpg
Avocado,https://d2d8wwwkmhfcva.cloudfront.net/350x350/d2lnr5mha7bycj.cloudfront.net/product-image/file/large_670662b7-080f-41a4-934b-2c0bc6a821a6.jpg
Bell pepper,https://d2d8wwwkmhfcva.cloudfront.net/350x350/d2lnr5mha7bycj.cloudfront.net/product-image/file/large_e2906411-ebb5-4848-a2fc-89728741fb6f.jpg
Cucumber,https://d2d8wwwkmhfcva.cloudfront.net/350x350/d2lnr5mha7bycj.cloudfront.net/product-image/file/large_98d57db7-0e4f-495c-8f53-2723a3f809dd.jpg
Eggplant,https://d2d8wwwkmhfcva.cloudfront.net/350x350/d2lnr5mha7bycj.cloudfront.net/product-image/file/large_342b0fb1-7d54-488c-a536-853b2445df9d.jpg
Olive ,https://encrypted-tbn2.gstatic.com/images?q=tbn:ANd9GcQei1Bkq1VgInajDmEX0isLZfVIxGdrdka9USA-2AD9eu76z1AtQQ
Pumpkin,https://encrypted-tbn0.gstatic.com/images?q=tbn:ANd9GcQqrTz1G4Ga3gIMGoEAOazk07UqH1ss4vWUjpC-rxHtTq2s847_
Squash,https://d2lnr5mha7bycj.cloudfront.net/product-image/file/large_8c5a819e-7763-41db-b1f1-c313b32f501a.jpg
Zucchini,https://d2d8wwwkmhfcva.cloudfront.net/350x350/d2lnr5mha7bycj.cloudfront.net/product-image/file/large_805ffa41-c396-4dd7-8d5f-7c5d250254fd.jpg
Pepper,https://d2lnr5mha7bycj.cloudfront.net/product-image/file/large_50a3b59b-c9a5-4f26-9fb8-288add79fc01.jpg
Artichoke,https://d2d8wwwkmhfcva.cloudfront.net/350x350/d2lnr5mha7bycj.cloudfront.net/product-image/file/large_cbee3529-2b31-4580-a1f6-02576cd60bd1.jpg
Broccoli,https://d2d8wwwkmhfcva.cloudfront.net/350x350/d2lnr5mha7bycj.cloudfront.net/product-image/file/large_45b2ede1-e8bb-46e8-9883-f6f0a3fc8858.jpg
Chicken,https://encrypted-tbn3.gstatic.com/images?q=tbn:ANd9GcTOEc4AAoTEXpd_xTB9EbjY2asvXZw_Hhk-0m-VS845Stod7SF6eQ
Beef,https://d2d8wwwkmhfcva.cloudfront.net/350x350/d2lnr5mha7bycj.cloudfront.net/product-image/file/large_62f01a00-71c9-4d73-8163-5f9b294ae26e.jpeg
Pork,https://encrypted-tbn2.gstatic.com/images?q=tbn:ANd9GcQF2mKTuwE6C3_QkFL6JZD94oQo0YCXLFRrqBeWXpj6MX_-umE
Shrimp,https://d2d8wwwkmhfcva.cloudfront.net/350x350/d2lnr5mha7bycj.cloudfront.net/product-image/file/large_20da6657-9cef-4df0-8d33-c63055b17fcd.jpeg
Lemon,https://d2lnr5mha7bycj.cloudfront.net/product-image/file/large_4cbea985-486f-4d13-ab9f-a846789f017f.jpg
Egg,https://d2d8wwwkmhfcva.cloudfront.net/350x350/d2lnr5mha7bycj.cloudfront.net/product-image/file/large_fd392480-b867-4393-a507-01de9896b90b.jpeg
Cilantro,https://d2d8wwwkmhfcva.cloudfront.net/350x350/d2lnr5mha7bycj.cloudfront.net/product-image/file/large_f7084926-0cb5-4a69-81a9-072a2313df29.jpg
Coriander,https://d2d8wwwkmhfcva.cloudfront.net/350x350/d2lnr5mha7bycj.cloudfront.net/product-image/file/large_f7084926-0cb5-4a69-81a9-072a2313df29.jpg
Basil,https://d2d8wwwkmhfcva.cloudfront.net/350x350/d2lnr5mha7bycj.cloudfront.net/product-image/file/large_e87b40e0-1185-4b87-8067-75a6f96e12b9.jpg
Bacon,https://d2d8wwwkmhfcva.cloudfront.net/350x350/d2lnr5mha7bycj.cloudfront.net/product-image/file/large_25871f0f-3690-4159-bded-4d7272821e41.jpeg
Pasta,https://d2lnr5mha7bycj.cloudfront.net/product-image/file/large_dde8cf65-8631-46a5-a302-4f6258b3fa22.jpeg
Mozzarella,https://d2d8wwwkmhfcva.cloudfront.net/350x350/d2lnr5mha7bycj.cloudfront.net/product-image/file/large_804dfd0f-c39e-4fa3-90c3-98e8e0b88229.jpeg
Carrot,https://d2d8wwwkmhfcva.cloudfront.net/350x350/d2lnr5mha7bycj.cloudfront.net/product-image/file/large_a8775f5e-214a-4f78-8b7e-30956e72a0ad.jpg
Salt,https://d2d8wwwkmhfcva.cloudfront.net/350x350/d2lnr5mha7bycj.cloudfront.net/product-image/file/large_ff647a33-6efc-4b25-92a7-c53d7d59a5b0.jpeg
Parmesan,https://d2d8wwwkmhfcva.cloudfront.net/350x350/d2lnr5mha7bycj.cloudfront.net/product-image/file/large_042bb561-0166-4003-a3b5-5dcea7860d4d.jpg
Olive oil,https://d2d8wwwkmhfcva.cloudfront.net/350x350/d2lnr5mha7bycj.cloudfront.net/product-image/file/large_8fb3a9dc-a33e-460d-9e65-541d89931d57.jpeg
Oil,https://d2d8wwwkmhfcva.cloudfront.net/350x350/d2lnr5mha7bycj.cloudfront.net/product-image/file/large_99e2c395-7340-4fa9-9dae-47c6d84da5af.jpeg
Black pepper,https://d2d8wwwkmhfcva.cloudfront.net/350x350/d2lnr5mha7bycj.cloudfront.net/product-image/file/large_d5ea566f-0578-4224-b9dd-55c2ce2be553.jpeg
Butter,https://d2d8wwwkmhfcva.cloudfront.net/350x350/d2lnr5mha7bycj.cloudfront.net/product-image/file/large_be19c222-6665-4a46-a0c2-9c4a9ee65ca2.jpeg
Milk,https://d2d8wwwkmhfcva.cloudfront.net/350x350/d2lnr5mha7bycj.cloudfront.net/product-image/file/large_abd5f452-40db-4a88-913c-e2c2ca67e4e9.jpg
Water,https://d2d8wwwkmhfcva.cloudfront.net/350x350/d2lnr5mha7bycj.cloudfront.net/product-image/file/large_1893abf2-9fbe-449b-85ab-1ddc750c29b8.jpg
Green ,https://d2d8wwwkmhfcva.cloudfront.net/350x350/d2lnr5mha7bycj.cloudfront.net/product-image/file/large_026e49f7-3cac-4942-bec9-fdd5f3e76831.jpg
Poteto,https://d2d8wwwkmhfcva.cloudfront.net/350x350/d2lnr5mha7bycj.cloudfront.net/product-image/file/large_c97f9972-883b-49e2-8ffc-473d12e84441.jpg
Flour,https://d2d8wwwkmhfcva.cloudfront.net/350x350/d2lnr5mha7bycj.cloudfront.net/product-image/file/large_a56fd277-923d-417b-980d-3d2764cb4173.jpeg
Turkey,https://d2d8wwwkmhfcva.cloudfront.net/350x350/d2lnr5mha7bycj.cloudfront.net/product-image/file/large_52c7dc2f-25d3-4e26-afa1-8ce8edce807a.jpeg
Tomato paste,https://d2d8wwwkmhfcva.cloudfront.net/350x350/d2lnr5mha7bycj.cloudfront.net/product-image/file/large_30aa995c-1f98-4cf2-a4e8-c4b523f3a446.jpeg
Rice,https://d2d8wwwkmhfcva.cloudfront.net/350x350/d2lnr5mha7bycj.cloudfront.net/product-image/file/large_ae182118-af1b-4a6e-be5c-2ca8722bc6b5.jpeg
Suger,https://d2lnr5mha7bycj.cloudfront.net/product-image/file/large_03999a23-45a7-431f-9f70-a22b5035fbdd.jpg
Brown rice,https://d2d8wwwkmhfcva.cloudfront.net/350x350/d2lnr5mha7bycj.cloudfront.net/product-image/file/large_abcf4719-8fcc-4321-9938-4de88bb4052b.jpg
Sweet poteto,https://d2lnr5mha7bycj.cloudfront.net/product-image/file/large_c19f5382-b115-4e83-9672-dae0f5b7ac7e.png